,0,1,2,3,4,5
0,2022年5月29日,举目仰望天堂，在地上走正义路,https://www.youtube.com/watch?v=j_zW1p6LcvY,诗篇 25,https://www.biblegateway.com/passage/?search=Psalm25&version=CUVS;NKJV,Mike Whittle 牧师
1,2022年5月22日,只有你最好的朋友会告诉你,https://www.youtube.com/watch?v=T78otd61mB4,罗马书 7:7-25,https://www.biblegateway.com/passage/?search=romans7:7-25&version=CUVS;NKJV,Mike Whittle 牧师
2,2022年5月15日,如何处置我们的忧虑,https://www.youtube.com/watch?v=ddbJPkyXHds,彼得前书 5:6-11,https://www.biblegateway.com/passage/?search=1Peter5:6-11&version=CUVS;NKJV,Mike Whittle 牧师
3,2022年5月8日,宝血活泉,https://www.youtube.com/watch?v=bDt07wo4T_0,撒迦利亚书 13,https://www.biblegateway.com/passage/?search=Zechariah13&version=CUVS;NKJV,Mike Whittle 牧师
4,2022年5月1日,真理是什么呢？,https://www.youtube.com/watch?v=c3Q9luWvYPs,约翰福音 18:33-38,https://www.biblegateway.com/passage/?search=john18:33-38&version=CUVS;NKJV,杨鹤皋牧师
5,2022年4月24日,不义的管家,https://www.youtube.com/watch?v=TnNrx0ajv1Y,路加福音 16:1-9,https://www.biblegateway.com/passage/?search=Luke16:1-9&version=CUVS;NKJV,Tim Grieves 牧师
6,2022年4月17日,我们将与他同活,https://www.youtube.com/watch?v=x8W94PtE2JI,罗马书 6:8-11,https://www.biblegateway.com/passage/?search=romans6:8-11&version=CUVS;NKJV,Mike Whittle 牧师
7,2022年4月10日,蒙拣选的人,https://www.youtube.com/watch?v=S0u-sGdjLno,帖撒罗尼迦前书 1:1-10,https://www.biblegateway.com/passage/?search=1Thessalonians1:1-10&version=CUVS;NKJV,宋胜牧师
8,2022年4月3日,对基督之死的反应,https://www.youtube.com/watch?v=h9rRacI56P4,约翰福音 19:28-37,https://www.biblegateway.com/passage/?search=john19:28-37&version=CUVS;NKJV,Mike Whittle 牧师
9,2022年3月27日,律法先生和恩典先生,https://www.youtube.com/watch?v=xtIJziBRhA4,罗马书 7:1-6,https://www.biblegateway.com/passage/?search=romans7:1-6&version=CUVS;NKJV,Mike Whittle 牧师
10,2022年3月20日,对付愤怒的酸噬,https://www.youtube.com/watch?v=_h078uNp0h8,马太福音 5:22-25,https://www.biblegateway.com/passage/?search=Matthew5:22-25&version=CUVS;NKJV,Mike Whittle 牧师
11,2022年3月13日,良仆或恶奴？,https://www.youtube.com/watch?v=yvlkNQlSjW8,罗马书 6:15-23,https://www.biblegateway.com/passage/?search=romans6:15-23&version=CUVS;NKJV,Mike Whittle 牧师
12,2022年3月6日,信者的脚踪,https://www.youtube.com/watch?v=lCZw_vmhNpI,诗篇 40:1-3,https://www.biblegateway.com/passage/?search=Psalm40:1-3&version=CUVS;NKJV,Mike Whittle 牧师
13,2022年2月27日,记得我们的名字,https://www.youtube.com/watch?v=z2P3YDdk8ck,罗马书 6:11-14,https://www.biblegateway.com/passage/?search=romans6:11-14&version=CUVS;NKJV,Mike Whittle 牧师
14,2022年2月20日,你真的爱我吗？,https://www.youtube.com/watch?v=VEIzNwt7Wyg,约翰福音 21:15-19,https://www.biblegateway.com/passage/?search=john21:15-19&version=CUVS;NKJV,Mike Whittle 牧师
15,2022年2月13日,地下室里的老者,https://www.youtube.com/watch?v=P-iHT4n-3I0,罗马书 6:5-10,https://www.biblegateway.com/passage/?search=romans6:5-10&version=CUVS;NKJV,Mike Whittle 牧师
16,2022年2月6日,狮子和圣经,https://www.youtube.com/watch?v=eew6ddviIaM,启示录 5:1-10,https://www.biblegateway.com/passage/?search=Revelation5:1-10&version=CUVS;NKJV,Mike Whittle 牧师
17,2022年1月30日,已被称义的基督徒会活在罪中吗,https://www.youtube.com/watch?v=Dd0e3RHoMNM,罗马书 6:1-4,https://www.biblegateway.com/passage/?search=romans6:1-4&version=CUVS;NKJV,Mike Whittle 牧师
18,2022年1月23日,四个简单的途径让你享受当下,https://www.youtube.com/watch?v=_XchGrGmZIg,传道书 9:7-11,https://www.biblegateway.com/passage/?search=Ecclesiastes9:7-11&version=CUVS;NKJV,Mike Whittle 牧师
19,2022年1月16日,人类悲剧的解答,https://www.youtube.com/watch?v=X40FZl7YALs,罗马书 5:12-21,https://www.biblegateway.com/passage/?search=romans5:12-21&version=CUVS;NKJV,Mike Whittle 牧师
20,2022年1月9日,岂没有更多吗？,https://www.youtube.com/watch?v=G0X-6TTzhso,罗马书 5:9-11,https://www.biblegateway.com/passage/?search=romans5:9-11&version=CUVS;NKJV,Mike Whittle 牧师
21,2022年1月2日,选择，持守，奔跑,https://www.youtube.com/watch?v=ZsjVNa8oOmI,诗篇 119:30-32,https://www.biblegateway.com/passage/?search=Psalm119:30-32&version=CUVS;NKJV,Mike Whittle 牧师
22,2021年12月26日,赏赐者，礼物和接受者,https://www.youtube.com/watch?v=l0Ulo24S0-g,加拉太书 4:4-7,https://www.biblegateway.com/passage/?search=Galatians4:4-7&version=CUVS;NKJV,Mike Whittle 牧师
23,2021年12月19日,圣诞天使,https://www.youtube.com/watch?v=Mr8jwitNN-0,路加福音 1:26-38,https://www.biblegateway.com/passage/?search=Luke1:26-38&version=CUVS;NKJV,Mike Whittle 牧师
24,2021年12月12日,我如何能确定,https://www.youtube.com/watch?v=c7Yu4uKVheM,路加福音 1:8-25,https://www.biblegateway.com/passage/?search=Luke1:8-25&version=CUVS;NKJV,Mike Whittle 牧师
25,2021年12月5日,拯救世界的爱,https://www.youtube.com/watch?v=OgYmlPp1ToU,罗马书 5:6-8,https://www.biblegateway.com/passage/?search=romans5:6-8&version=CUVS;NKJV,Mike Whittle 牧师
26,2021年11月28日,健康的信徒,https://www.youtube.com/watch?v=-1TnJlFSjsg,诗篇 34,https://www.biblegateway.com/passage/?search=Psalm34&version=CUVS;NKJV,Mike Whittle 牧师
27,2021年11月21日,与神相和,https://www.youtube.com/watch?v=HEdNHLvvTlQ,罗马书 5:1-11,https://www.biblegateway.com/passage/?search=romans5:1-11&version=CUVS;NKJV,Mike Whittle 牧师
28,2021年11月14日,称恶人为义,https://www.youtube.com/watch?v=eC_10n9TV3I,罗马书 4:1-17,https://www.biblegateway.com/passage/?search=romans4:1-17&version=CUVS;NKJV,Mike Whittle 牧师
29,2021年11月7日,被上帝离弃,https://www.youtube.com/watch?v=Yi-3mePCDo0,马可福音 15:33-37,https://www.biblegateway.com/passage/?search=Mark15:33-37&version=CUVS;NKJV,Mike Whittle 牧师
30,2021年10月31日,重价的敬拜,https://www.youtube.com/watch?v=JcEHC08_5qU,撒母耳记下 24,https://www.biblegateway.com/passage/?search=2Samuel+24&version=CUVS;NKJV,Tim Grieves 牧师
31,2021年10月24日,没有可夸,https://www.youtube.com/watch?v=rrghDUwvDcc,罗马书 3:21-31,https://www.biblegateway.com/passage/?search=romans3:21-31&version=CUVS;NKJV,Mike Whittle 牧师
32,2021年10月17日,永生神的印,https://www.youtube.com/watch?v=LIp7UOPdszU,启示录 7:1-8,https://www.biblegateway.com/passage/?search=Revelation7:1-8&version=CUVS;NKJV,宋胜牧师
33,2021年10月10日,献上感恩的心,https://www.youtube.com/watch?v=DpjHj05Fknc,诗篇 100,https://www.biblegateway.com/passage/?search=Psalm100&version=CUVS;NKJV,Mike Whittle 牧师
34,2021年10月3日,纪念这鞭打,https://www.youtube.com/watch?v=42YjWFQoZ78,马可福音 15:15-20,https://www.biblegateway.com/passage/?search=Mark15:15-20&version=CUVS;NKJV,Mike Whittle 牧师
35,2021年9月26日,叫所有人哑口无言,https://www.youtube.com/watch?v=RE1RFjIDdaQ,罗马书 3:9-20,https://www.biblegateway.com/passage/?search=romans3:9-20&version=CUVS;NKJV,Mike Whittle 牧师
36,2021年9月19日,别转圈，要向前,https://www.youtube.com/watch?v=tyRpQutMirs,提摩太前书 6:3-21,https://www.biblegateway.com/passage/?search=1Timothy6:3-21&version=CUVS;NKJV,Mike Whittle 牧师
37,2021年9月12日,被掳的得释放,https://www.youtube.com/watch?v=RjDhcYyJ4DA,耶利米书 24:1-7,https://www.biblegateway.com/passage/?search=Jeremiah24:1-7&version=CUVS;NKJV,Mike Whittle 牧师
38,2021年9月5日,被耶稣吸引,https://www.youtube.com/watch?v=SOELBOjPsS8,约翰福音 12:37-46,https://www.biblegateway.com/passage/?search=john12:37-46&version=CUVS;NKJV,Mike Whittle 牧师
39,2021年8月29日,宗教的正确之处,https://www.youtube.com/watch?v=Tn69HG3bYEY,罗马书 3:1-4,https://www.biblegateway.com/passage/?search=romans3:1-4&version=CUVS;NKJV,Mike Whittle 牧师
40,2021年8月22日,宗教错在哪儿,https://www.youtube.com/watch?v=ixviDw2bUMQ,罗马书 2:17-29,https://www.biblegateway.com/passage/?search=romans2:17-29&version=CUVS;NKJV,Mike Whittle 牧师
41,2021年8月15日,好意铺就的地狱之路,https://www.youtube.com/watch?v=7Wefv2Sv_0I,罗马书 2:1-4,https://www.biblegateway.com/passage/?search=romans2:1-4&version=CUVS;NKJV,Mike Whittle 牧师
42,2021年8月8日,人远离神则神任凭人,https://www.youtube.com/watch?v=fGU8FpM43vU,罗马书 1:26-32,https://www.biblegateway.com/passage/?search=romans1:16-32&version=CUVS;NKJV,Mike Whittle 牧师
43,2021年8月1日,“钉十字架”,https://www.youtube.com/watch?v=o6YntRExc78,马可福音 15:1-32,https://www.biblegateway.com/passage/?search=Mark15:1-32&version=CUVS;NKJV,Mike Whittle 牧师
44,2021年7月25日,神明明可见,https://www.youtube.com/watch?v=GnTKlXUFxXc,罗马书 1:18-25,https://www.biblegateway.com/passage/?search=romans1:18-25&version=CUVS;NKJV,Mike Whittle 牧师
45,2021年7月18日,福音简言之,https://www.youtube.com/watch?v=qqIA7JFCLhw,约翰福音 3:16-21,https://www.biblegateway.com/passage/?search=john3:16-21&version=CUVS;NKJV,Keith Grant
46,2021年7月11日,义人必因信得生,https://www.youtube.com/watch?v=v76Z1XuNcqg,罗马书 1:17,https://www.biblegateway.com/passage/?search=romans1:17&version=CUVS;NKJV,Mike Whittle 牧师
47,2021年7月4日,上帝的炸药,https://www.youtube.com/watch?v=QMqtRaZsX5M,罗马书 1:16,https://www.biblegateway.com/passage/?search=romans1:16&version=CUVS;NKJV,Mike Whittle 牧师
48,2021年6月27日,会说话的信心,https://www.youtube.com/watch?v=GfObDwUr5O4,罗马书 1:8-15,https://www.biblegateway.com/passage/?search=romans1:8-15&version=CUVS;NKJV,Mike Whittle 牧师
49,2021年6月20日,父亲们的五个功课,https://www.youtube.com/watch?v=9TDuYOmJMQs,,,Mike Whittle 牧师
50,2021年6月13日,上帝给你的消息,https://www.youtube.com/watch?v=qol2xWRFRnI,罗马书 1:1-7,https://www.biblegateway.com/passage/?search=romans1:1-7&version=CUVS;NKJV,Mike Whittle 牧师
51,2021年6月6日,远远地跟随,https://www.youtube.com/watch?v=4tAM7Vd2NxQ,马可福音 14:43-45,https://www.biblegateway.com/passage/?search=Mark14:43-45&version=CUVS;NKJV,Mike Whittle 牧师
52,2021年5月30日,你是我藏身处,https://www.youtube.com/watch?v=qLraa6RqXDU,诗篇 32,https://www.biblegateway.com/passage/?search=Psalm32&version=CUVS;NKJV,Mike Whittle 牧师
53,2021年5月23日,听耶和华的声音,https://www.youtube.com/watch?v=Knde1FNSNwk,诗篇 29,https://www.biblegateway.com/passage/?search=Psalm29&version=CUVS;NKJV,Mike Whittle 牧师
54,2021年5月16日,最美好的事,https://www.youtube.com/watch?v=oZkJ5NzJdbw,诗篇 119:11,https://www.biblegateway.com/passage/?search=Psalm119:11&version=CUVS;NKJV,Mike Whittle 牧师
55,2021年5月9日,我只要一点碎渣,https://www.youtube.com/watch?v=3dYCWDV_kPI,马可福音 7:24-30,https://www.biblegateway.com/passage/?search=Mark7:24-30&version=CUVS;NKJV,Mike Whittle 牧师
56,2021年5月2日,他们做假见证要定祂的罪,https://www.youtube.com/watch?v=S5p1-QdL6aM,马可福音 14:53-65,https://www.biblegateway.com/passage/?search=Mark14:53-65&version=CUVS;NKJV,Mike Whittle 牧师
57,2021年4月28日,不是你爱的，而是爱你的,https://www.youtube.com/watch?v=fOk5u7I_nf8,创世记 30:1-24,https://www.biblegateway.com/passage/?search=Genesis30:1-24&version=CUVS;NKJV,Mike Whittle 牧师
58,2021年4月25日,救命！我需要有人帮助！,https://www.youtube.com/watch?v=VhSjTdxvN2I,诗篇 17,https://www.biblegateway.com/passage/?search=Psalm17&version=CUVS;NKJV,Mike Whittle 牧师
59,2021年4月21日,不冷不热的老底嘉教会,https://www.youtube.com/watch?v=ugzVS_1tKU8,启示录 3:14-22,https://www.biblegateway.com/passage/?search=Revelation3:14-22&version=CUVS;NKJV,宋胜牧师
60,2021年4月18日,智慧的开端,https://www.youtube.com/watch?v=B4YWKwIzAOk,箴言 1:1-7,https://www.biblegateway.com/passage/?search=Proverbs1:1-7&version=CUVS;NKJV,Mike Whittle 牧师
61,2021年4月14日,人所不欲者，神却接纳,https://www.youtube.com/watch?v=qM1pp2pEAis,创世记 29:15-25,https://www.biblegateway.com/passage/?search=Genesis29:15-25&version=CUVS;NKJV,Mike Whittle 牧师
62,2021年4月11日,恶土和佳园,https://www.youtube.com/watch?v=VC21mp8B6Qo,诗篇 1,https://www.biblegateway.com/passage/?search=Psalm1&version=CUVS;NKJV,Mike Whittle 牧师
63,2021年4月7日,浪漫爱情与神的眷顾,https://www.youtube.com/watch?v=tHtOZyL5s5g,创世记 29:1-14,https://www.biblegateway.com/passage/?search=Genesis29:1-14&version=CUVS;NKJV,Mike Whittle 牧师
64,2021年4月4日,我这就回来,https://www.youtube.com/watch?v=IRZRk8tq3tU,马可福音 16:1-8,https://www.biblegateway.com/passage/?search=Mark16:1-8&version=CUVS;NKJV,Mike Whittle 牧师
65,2021年4月2日,最后的呼吸,https://www.youtube.com/watch?v=vD6uNpzC4uU,马可福音 15:33-47,https://www.biblegateway.com/passage/?search=Mark15:33-47&version=CUVS;NKJV,Mike Whittle 牧师
66,2021年3月28日,死亡之吻,https://www.youtube.com/watch?v=J8cMF__r3sg,马可福音 14:43-52,https://www.biblegateway.com/passage/?search=Mark14:43-52&version=CUVS;NKJV,Mike Whittle 牧师
67,2021年3月24日,天梯,https://www.youtube.com/watch?v=ln4L5os95_I,创世记 28,https://www.biblegateway.com/passage/?search=Genesis28&version=CUVS;NKJV,Mike Whittle 牧师
68,2021年3月21日,黑暗的客西马尼,https://www.youtube.com/watch?v=vDQovO5_GII,马可福音 14:32-42,https://www.biblegateway.com/passage/?search=Mark14:32-42&version=CUVS;NKJV,Mike Whittle 牧师
69,2021年3月17日,靠主保守你的心,https://www.youtube.com/watch?v=2isEJyIzb2M,箴言 4:23,https://www.biblegateway.com/passage/?search=Proverbs4:23&version=CUVS;NKJV,何勇传道
70,2021年3月14日,你们都要跌倒,https://www.youtube.com/watch?v=TI_7EEqpsVU,马可福音 14:27-31,https://www.biblegateway.com/passage/?search=Mark14:27-31&version=CUVS;NKJV,Mike Whittle 牧师
71,2021年3月10日,长子祝福的争夺战,https://www.youtube.com/watch?v=aGcJ64vLSlg,创世记 27:1-46,https://www.biblegateway.com/passage/?search=Genesis27:1-46&version=CUVS;NKJV,Mike Whittle 牧师
72,2021年3月7日,主的晚餐,https://www.youtube.com/watch?v=mGMOTda5eyg,马可福音 14:12-26,https://www.biblegateway.com/passage/?search=Mark14:12-26&version=CUVS;NKJV,Mike Whittle 牧师
73,2021年3月3日,两个麻烦,https://www.youtube.com/watch?v=wTQNZ4RQPGo,创世记 25:19-34,https://www.biblegateway.com/passage/?search=Genesis25:19-34&version=CUVS;NKJV,Mike Whittle 牧师
74,2021年2月28日,主的二次降临,https://www.youtube.com/watch?v=fI9v5bJJLHo,马可福音 13:24-37,https://www.biblegateway.com/passage/?search=Mark13:24-37&version=CUVS;NKJV,Mike Whittle 牧师
75,2021年2月24日,绝不放弃生命,https://www.youtube.com/watch?v=24l-pJTBeug,创世记 25:1-11,https://www.biblegateway.com/passage/?search=Genesis25:1-11&version=CUVS;NKJV,Mike Whittle 牧师
76,2021年2月21日,单纯奉献的秘诀,https://www.youtube.com/watch?v=C2YVTWqQrNw,马可福音 12:41-44,https://www.biblegateway.com/passage/?search=Mark12:41-44&version=CUVS;NKJV,Mike Whittle 牧师
77,2021年2月17日,并且爱她--情人节信息,https://www.youtube.com/watch?v=oZ2-RwB0z9w,创世记 24,https://www.biblegateway.com/passage/?search=Genesis24&version=CUVS;NKJV,Mike Whittle 牧师
78,2021年2月14日,牛年新春,https://www.youtube.com/watch?v=djEBQREAU9M,路加福音 13:10-17,https://www.biblegateway.com/passage/?search=Luke13:10-17&version=CUVS;NKJV,Mike Whittle 牧师
79,2021年2月10日,撒拉 -- 心中充满盼望的女子,https://www.youtube.com/watch?v=TtE5gCQKtUQ,创世记 23:1-20,https://www.biblegateway.com/passage/?search=Genesis23:1-20&version=CUVS;NKJV,Mike Whittle 牧师
80,2021年2月7日,最大的诫命,https://www.youtube.com/watch?v=jM0tSJOt0L8,马可福音 12:28-34,https://www.biblegateway.com/passage/?search=Mark12:28-34&version=CUVS;NKJV,Mike Whittle 牧师
81,2021年2月3日,以撒和耶稣 -- 何等相似,https://www.youtube.com/watch?v=SIHtBByHfdo,创世记 21-22,https://www.biblegateway.com/passage/?search=Genesis21-22&version=CUVS;NKJV,Mike Whittle 牧师
82,2021年1月31日,时间，如此微小！永恒，何其广大！,https://www.youtube.com/watch?v=fyF7dKbOu1Y,马可福音 12:18-27,https://www.biblegateway.com/passage/?search=Mark12:18-27&version=CUVS;NKJV,Mike Whittle 牧师
83,2021年1月27日,回想罗得的妻子,https://www.youtube.com/watch?v=52vIvbGIScA,路加福音 17:20-37,https://www.biblegateway.com/passage/?search=Luke17:20-37&version=CUVS;NKJV,Mike Whittle 牧师
84,2021年1月24日,基督徒和政府,https://www.youtube.com/watch?v=QkbvjgmD83g,马可福音 12:13-17,https://www.biblegateway.com/passage/?search=Mark12:13-17&version=CUVS;NKJV,Mike Whittle 牧师
85,2021年1月20日,我们与罗得一同从毁灭中得拯救,https://www.youtube.com/watch?v=DB7BfuI2ptE,创世记 19:1-38,https://www.biblegateway.com/passage/?search=Genesis19:1-38&version=CUVS;NKJV,Mike Whittle 牧师
86,2021年1月17日,主所成就的奇妙大事,https://www.youtube.com/watch?v=iAODgIvXYNk,马可福音 12:1,https://www.biblegateway.com/passage/?search=Mark12:1&version=CUVS;NKJV,Mike Whittle 牧师
87,2021年1月13日,远离泥坑,https://www.youtube.com/watch?v=TTk4vv18qfU,创世记 18:16-33,https://www.biblegateway.com/passage/?search=Genesis18:16-33&version=CUVS;NKJV,Mike Whittle 牧师
88,2021年1月10日,我们不知道,https://www.youtube.com/watch?v=DcoiPk_MNiI,马可福音 11:27-33,https://www.biblegateway.com/passage/?search=Mark11:27-33&version=CUVS;NKJV,Mike Whittle 牧师
89,2021年1月6日,在疫情中认识真神,https://www.youtube.com/watch?v=XwckieRZK-M,使徒行传 17:22-34,https://www.biblegateway.com/passage/?search=acts17:22-34&version=CUVS;NKJV,Tee 牧师
90,2021年1月3日,遮掩罪过还是被遮盖的罪过,https://www.youtube.com/watch?v=FjAyIOQV3uo,箴言 28:13; 诗篇 32:1,"https://www.biblegateway.com/passage/?search=Proverbs28:13,Psalm32:1&version=CUVS;NKJV",Mike Whittle 牧师
91,2020年12月27日,健康生活八要素,https://www.youtube.com/watch?v=DUT0v9HR4FA,诗篇 36,https://www.biblegateway.com/passage/?search=Psalm36&version=CUVS;NKJV,Mike Whittle 牧师
92,2020年12月25日,有基督的圣诞节,https://www.youtube.com/watch?v=AfG7BErH4Yk,马太福音 2:1-12,https://www.biblegateway.com/passage/?search=Matthew2:1-12&version=CUVS;NKJV,Mike Whittle 牧师
93,2020年12月20日,最蒙福的女人玛利亚,https://www.youtube.com/watch?v=ukb6rkXlvmo,路加福音 1:26-38,https://www.biblegateway.com/passage/?search=Luke1:26-38&version=CUVS;NKJV,Mike Whittle 牧师
94,2020年12月16日,枯树与移山,https://www.youtube.com/watch?v=NU3P8Fkypgc,马可福音 11:20-25,https://www.biblegateway.com/passage/?search=Mark11:20-25&version=CUVS;NKJV,Mike Whittle 牧师
95,2020年12月13日,保罗的安慰,https://www.youtube.com/watch?v=fr5kyNMNaX8,哥林多后书 1:3-7,https://www.biblegateway.com/passage/?search=2Corinthians1:3-7&version=CUVS;NKJV,何勇传道
96,2020年12月9日,在神岂有难成的事,https://www.youtube.com/watch?v=3sRtSweYbZ4,创世记 18:1-18,https://www.biblegateway.com/passage/?search=Genesis18:1-18&version=CUVS;NKJV,Mike Whittle 牧师
97,2020年12月6日,加略山，黑沉沉的加略山,https://www.youtube.com/watch?v=iuhoO1_Fr9A,诗篇 22,https://www.biblegateway.com/passage/?search=Psalm22&version=CUVS;NKJV,Mike Whittle 牧师
98,2020年12月2日,一个要信靠并持守的应许,https://www.youtube.com/watch?v=muQlVxc_tUg,创世记 17,https://www.biblegateway.com/passage/?search=Genesis17&version=CUVS;NKJV,Mike Whittle 牧师
99,2020年11月29日,青蛙与天鹅,https://www.youtube.com/watch?v=RHXWn1T1bNE,马可福音 11:15-19,https://www.biblegateway.com/passage/?search=Mark11:15-19&version=CUVS;NKJV,Mike Whittle 牧师
100,2020年11月25日,没问题，错不到哪儿去,https://www.youtube.com/watch?v=J70PHv53GC8,创世记 16,https://www.biblegateway.com/passage/?search=Genesis16&version=CUVS;NKJV,Mike Whittle 牧师
101,2020年11月22日,高高在上和散那,https://www.youtube.com/watch?v=i_sYkGuz7r0,马可福音 11,https://www.biblegateway.com/passage/?search=Mark11&version=CUVS;NKJV,Mike Whittle 牧师
102,2020年11月18日,"信靠,信靠,信靠；不是苦试,苦试,苦试",https://www.youtube.com/watch?v=-FPkvgL6LdA,创世记 15:6,https://www.biblegateway.com/passage/?search=Genesis15:6&version=CUVS;NKJV,Mike Whittle 牧师
103,2020年11月15日,瞎眼今得看见,https://www.youtube.com/watch?v=dOKkWF6KAo8,马可福音 10:46-52,https://www.biblegateway.com/passage/?search=Mark10:46-52&version=CUVS;NKJV,Mike Whittle 牧师
104,2020年11月11日,战争中的基督徒,https://www.youtube.com/watch?v=XytltApYiBs,创世记 14,https://www.biblegateway.com/passage/?search=Genesis14&version=CUVS;NKJV,Mike Whittle 牧师
105,2020年11月8日,服侍人而不是被服侍,https://www.youtube.com/watch?v=3LBUj840fNI,马可福音 10:35-45,https://www.biblegateway.com/passage/?search=Mark10:35-45&version=CUVS;NKJV,Mike Whittle 牧师
106,2020年11月4日,罗得的选择和我们的选择,https://www.youtube.com/watch?v=EswZ-Xh4nAs,创世记 13,https://www.biblegateway.com/passage/?search=Genesis13&version=CUVS;NKJV,Mike Whittle 牧师
107,2020年11月1日,成为能饶恕的人,https://www.youtube.com/watch?v=w8GpU1YVgXw,以弗所書 4:30-32,https://www.biblegateway.com/passage/?search=Ephesians4:30-32&version=CUVS;NKJV,何勇传道
108,2020年10月28日,揣摩神的心意,https://www.youtube.com/watch?v=u0prPpP620A,历代志上 21:1-17,https://www.biblegateway.com/passage/?search=1Chronicles21:1-17&version=CUVS;NKJV,杨鹤皋牧师
109,2020年10月25日,一个人人都需要回答的问题,https://www.youtube.com/watch?v=voat5D7AiWs,马可福音 10:17-31,https://www.biblegateway.com/passage/?search=Mark10:17-31&version=CUVS;NKJV,Mike Whittle 牧师
110,2020年10月21日,呼召成为祝福,https://www.youtube.com/watch?v=3QCJAKK5A5w,创世记 12:1-9,https://www.biblegateway.com/passage/?search=Genesis12:1-9&version=CUVS;NKJV,Mike Whittle 牧师
111,2020年10月18日,离婚以及避免之法,https://www.youtube.com/watch?v=KqQ0ypl9kIw,马可福音 10:1-12,https://www.biblegateway.com/passage/?search=Mark10:1-12&version=CUVS;NKJV,Mike Whittle 牧师
112,2020年10月14日,人和鼠的最佳设计,https://www.youtube.com/watch?v=eFcIykxNyww,创世记 11:1-9,https://www.biblegateway.com/passage/?search=Genesis11:1-9&version=CUVS;NKJV,Mike Whittle 牧师
113,2020年10月11日,献上感恩的心,https://www.youtube.com/watch?v=5MKrma8fKvc,帖撒罗尼迦前书 5:16-18,https://www.biblegateway.com/passage/?search=1Thessalonians5:16-18&version=CUVS;NKJV,Mike Whittle 牧师
114,2020年10月7日,祭坛和彩虹,https://www.youtube.com/watch?v=nQOhQhGuPKY,"创世记 8:15-22, 9:8-17","https://www.biblegateway.com/passage/?search=Genesis8:15-22,9:8-17&version=CUVS;NKJV",Mike Whittle 牧师
115,2020年10月4日,不朽的爱,https://www.youtube.com/watch?v=xn_WWgcUq64,以弗所书 6:24,https://www.biblegateway.com/passage/?search=Ephesians6:23-24&version=CUVS;NKJV,Mike Whittle 牧师
116,2020年9月30日,在毁灭中拯救诺亚,https://www.youtube.com/watch?v=VCLX9kOoQ4w,创世记 6-9,https://www.biblegateway.com/passage/?search=Genesis6-9&version=CUVS;NKJV,Mike Whittle 牧师
117,2020年9月27日,我最大,https://www.youtube.com/watch?v=xh8spbmINyw,马可福音 9:30-50,https://www.biblegateway.com/passage/?search=Mark9:30-50&version=CUVS;NKJV,Mike Whittle 牧师
118,2020年9月23日,神的勉力，忧伤和恩惠,https://www.youtube.com/watch?v=wZ9HLWrZNKk,创世记 6:1-8,https://www.biblegateway.com/passage/?search=Genesis6:1-8&version=CUVS;NKJV,Mike Whittle 牧师
119,2020年9月20日,信心不足，求主帮助,https://www.youtube.com/watch?v=pD6yVjPJFzA,马可福音 9:14-29,https://www.biblegateway.com/passage/?search=Mark9:14-29&version=CUVS;NKJV,Mike Whittle 牧师
120,2020年9月16日,与神同行,https://www.youtube.com/watch?v=1K5G98kFaQ8,创世记 5:21-24,https://www.biblegateway.com/passage/?search=Genesis5:21-24&version=CUVS;NKJV,Mike Whittle 牧师
121,2020年9月13日,认识耶稣是谁,https://www.youtube.com/watch?v=0zFiMYWl8q4,马可福音 9:2-13,https://www.biblegateway.com/passage/?search=Mark9:2-13&version=CUVS;NKJV,Mike Whittle 牧师
122,2020年9月9日,你为什么发怒呢,https://www.youtube.com/watch?v=fcNTItiDI_U,创世记 4:1-17,https://www.biblegateway.com/passage/?search=Genesis4:1-17&version=CUVS;NKJV,Mike Whittle 牧师
123,2020年9月6日,打碎的头颅和受伤的脚跟,https://www.youtube.com/watch?v=zxvyWgElFVo,创世记 3:15,https://www.biblegateway.com/passage/?search=Genesis3:15&version=CUVS;NKJV,Mike Whittle 牧师
124,2020年9月2日,都是亚当的错,https://www.youtube.com/watch?v=5r01OTf64Pc,创世记 3:14-24,https://www.biblegateway.com/passage/?search=Genesis3:14-24&version=CUVS;NKJV,Mike Whittle 牧师
125,2020年8月30日,天堂障碍赛,https://www.youtube.com/watch?v=r7WWKRlDhQw,马可福音 8:31-38,https://www.biblegateway.com/passage/?search=Mark8:31-38&version=CUVS;NKJV,Mike Whittle 牧师
126,2020年8月26日,推诿游戏,https://www.youtube.com/watch?v=-x0fO84sYek,创世记 3:7-13,https://www.biblegateway.com/passage/?search=Genesis3:7-13&version=CUVS;NKJV,Mike Whittle 牧师
127,2020年8月23日,问与答,https://www.youtube.com/watch?v=n_9A2Q4tx58,马可福音 8:22-30,https://www.biblegateway.com/passage/?search=Mark8:22-30&version=CUVS;NKJV,Mike Whittle 牧师
128,2020年8月19日,一棵危险的树,https://www.youtube.com/watch?v=DO2-XiOv8z8,创世记 3:1-7,https://www.biblegateway.com/passage/?search=Genesis3:1-7&version=CUVS;NKJV,Mike Whittle 牧师
129,2020年8月16日,美好婚姻三人行,https://www.youtube.com/watch?v=Lwo4MXd469g,创世记 2:21-25,https://www.biblegateway.com/passage/?search=Genesis2:21-25&version=CUVS;NKJV,Mike Whittle 牧师
130,2020年8月12日,神领她到他跟前,https://www.youtube.com/watch?v=7EKH9PCLjcw,创世记 2:18-25,https://www.biblegateway.com/passage/?search=Genesis2:18-25&version=CUVS;NKJV,Mike Whittle 牧师
131,2020年8月9日,各样的酵,https://www.youtube.com/watch?v=sF9A0F0j134,马太福音 16:5-12,https://www.biblegateway.com/passage/?search=Matthew16:5-12&version=CUVS;NKJV,Mike Whittle 牧师
132,2020年8月5日,地上的天堂,https://www.youtube.com/watch?v=-wzz3kIZtE8,创世记 2:8-18,https://www.biblegateway.com/passage/?search=Genesis2:8-18&version=CUVS;NKJV,Mike Whittle 牧师
133,2020年8月2日,我爱主耶稣,https://www.youtube.com/watch?v=h4vYXKeD0ro,马太福音 27,https://www.biblegateway.com/passage/?search=Matthew27&version=CUVS;NKJV,Mike Whittle 牧师
134,2020年7月29日,神按自己的形象造人,https://www.youtube.com/watch?v=Kqiotjt23t0,创世记 1:27-2:1,https://www.biblegateway.com/passage/?search=Genesis1:27-2:1&version=CUVS;NKJV,Mike Whittle 牧师
135,2020年7月26日,内与外，神与人，净与污,https://www.youtube.com/watch?v=yHeSDw07L8c,马可福音 7:1-23,https://www.biblegateway.com/passage/?search=Mark7:1-23&version=CUVS;NKJV,Mike Whittle 牧师
136,2020年7月22日,神的纪录片,https://www.youtube.com/watch?v=4H-Bk1m0k5U,创世记 1:20-23,https://www.biblegateway.com/passage/?search=Genesis1:20-23&version=CUVS;NKJV,Mike Whittle 牧师
137,2020年7月19日,我们要透过神迹看什么,https://www.youtube.com/watch?v=BhFLQIQ-TA8,马可福音 6:30-44,https://www.biblegateway.com/passage/?search=Mark6:30-44&version=CUVS;NKJV,Mike Whittle 牧师
138,2020年7月15日,如果天堂的背面都那么美,https://www.youtube.com/watch?v=hUqGI9ExraM,创世记 1:14-19,https://www.biblegateway.com/passage/?search=Genesis1:14-19&version=CUVS;NKJV,Mike Whittle 牧师
139,2020年7月12日,恶人的教训,https://www.youtube.com/watch?v=zcf1jIfkXMY,马可福音 6:14-29,https://www.biblegateway.com/passage/?search=Mark6:14-29&version=CUVS;NKJV,Mike Whittle 牧师
140,2020年7月8日,神从混沌中造出次序,https://www.youtube.com/watch?v=IuLMXUMxluQ,创世记 1:1-13,https://www.biblegateway.com/passage/?search=Genesis1:1-13&version=CUVS;NKJV,Mike Whittle 牧师
141,2020年7月5日,未见的美丽,https://www.youtube.com/watch?v=n9Fk--zGTZs,马可福音 6:1-6,https://www.biblegateway.com/passage/?search=Mark6:1-6&version=CUVS;NKJV,Mike Whittle 牧师
142,2020年7月1日,谁造了我,https://www.youtube.com/watch?v=iotoMA35t_c,创世记 1:1-3,https://www.biblegateway.com/passage/?search=Genesis1:1-3&version=CUVS;NKJV,Mike Whittle 牧师
143,2020年6月28日,驱魔人,https://www.youtube.com/watch?v=m9rQkADD_WM,马可福音 5:1-20,https://www.biblegateway.com/passage/?search=Mark5:1-20&version=CUVS;NKJV,Mike Whittle 牧师
144,2020年6月24日,生命拼图中缺失的那块,https://www.youtube.com/watch?v=iU7xqBknaPI,传道书 9:1-16,https://www.biblegateway.com/passage/?search=Ecclesiastes9:1-16&version=CUVS;NKJV,Mike Whittle 牧师
145,2020年6月21日,父亲的忠告,https://www.youtube.com/watch?v=Ik2JcdIM668,箴言 4:1-4,https://www.biblegateway.com/passage/?search=Proverbs4:1-4&version=CUVS;NKJV,Mike Whittle 牧师
146,2020年6月17日,赞美三一真神,https://www.youtube.com/watch?v=fCjT5YjQIrA,马太福音 28:19-20,https://www.biblegateway.com/passage/?search=Matthew28:19-20&version=CUVS;NKJV,Mike Whittle 牧师
147,2020年6月14日,完美风暴中的完美救主,https://www.youtube.com/watch?v=d-iYtDRGHiA,马可福音 4:35-41,https://www.biblegateway.com/passage/?search=mark4:35-41&version=CUVS;NKJV,Mike Whittle 牧师
148,2020年6月10日,神就是爱,https://www.youtube.com/watch?v=pJMRguiZ81g,约翰一书 4:8,https://www.biblegateway.com/passage/?search=1john4:8&version=CUVS;NKJV,Mike Whittle 牧师
149,2020年6月7日,百夫长,https://www.youtube.com/watch?v=DS_3y-SfqL0,马可福音 15:33-39,https://www.biblegateway.com/passage/?search=Mark15:33-39&version=CUVS;NKJV,Mike Whittle 牧师
150,2020年6月3日,在神没有难成的事,https://www.youtube.com/watch?v=CeOAsg4bLzs,耶利米书 32:17,https://www.biblegateway.com/passage/?search=Jeremiah32:17&version=CUVS;NKJV,Mike Whittle 牧师
151,2020年5月31日,芥菜种和神国的比喻,https://www.youtube.com/watch?v=WBIZeP1KKWc,马可福音 4:30-34,https://www.biblegateway.com/passage/?search=mark4:30-34&version=CUVS;NKJV,Mike Whittle 牧师
152,2020年5月27日,我的山寨,https://www.youtube.com/watch?v=JTccq2s-j2E,诗篇 139,https://www.biblegateway.com/passage/?search=Psalm139&version=CUVS;NKJV,Mike Whittle 牧师
153,2020年5月24日,不是召义人乃是召罪人,https://www.youtube.com/watch?v=3bCuLRc0ip0,马可福音 2:13-17,https://www.biblegateway.com/passage/?search=mark2:13-17&version=CUVS;NKJV,Mike Whittle 牧师
154,2020年5月20日,智慧的开端,https://www.youtube.com/watch?v=7WSBxF9x87A,箴言 9:10,https://www.biblegateway.com/passage/?search=Proverbs9:10&version=CUVS;NKJV,Mike Whittle 牧师
155,2020年5月17日,智慧生活的优势,https://www.youtube.com/watch?v=W59bPhN1KDk,传道书 8,https://www.biblegateway.com/passage/?search=Ecclesiastes8&version=CUVS;NKJV,Mike Whittle 牧师
156,2020年5月13日,一个农夫出去撒种,https://www.youtube.com/watch?v=QQFMXOHjFYM,马可福音 4:4-9,https://www.biblegateway.com/passage/?search=Mark4:4-9&version=CUVS;NKJV,Mike Whittle 牧师
157,2020年5月10日,触摸,https://www.youtube.com/watch?v=gGDuex1tA4A,马可福音 5:25-34,https://www.biblegateway.com/passage/?search=Mark5:25-34&version=CUVS;NKJV,Mike Whittle 牧师
158,2020年5月6日,求主教导我们祷告,https://www.youtube.com/watch?v=c1MlmrZt9AE,路加福音 11:1-4,https://www.biblegateway.com/passage/?search=Luke11:1-4&version=CUVS;NKJV,Mike Whittle 牧师
159,2020年5月3日,主与我同在,https://www.youtube.com/watch?v=uWiRbhFs7ig,诗篇 23:4,https://www.biblegateway.com/passage/?search=Psalm23:4&version=CUVS;NKJV,Mike Whittle 牧师
160,2020年4月29日,真有来世吗,https://www.youtube.com/watch?v=d7UN7QZxES4,约翰福音 14:1-3,https://www.biblegateway.com/passage/?search=john14:1-3&version=CUVS;NKJV,Mike Whittle 牧师
161,2020年4月26日,你的罪赦了,https://www.youtube.com/watch?v=85jWtNuhetE,马可福音 2:1-12,https://www.biblegateway.com/passage/?search=mark2:1-12&version=CUVS;NKJV,Mike Whittle 牧师
162,2020年4月22日,主耶稣的面容,https://www.youtube.com/watch?v=kFOAYBunbIA,"马太福音17:1-2,26:39；以赛亚书50:6-7；启示录22:4","https://www.biblegateway.com/passage/?search=Matthew17:1-2,26:39,Isaiah50:6-7,Revelation22:4&version=CUVS,NKJV",Mike Whittle 牧师
163,2020年4月19日,我的小女孩要死了,https://www.youtube.com/watch?v=Rr12oejn5wA,马可福音 5:21-43,https://www.biblegateway.com/passage/?search=mark5:21-43&version=CUVS;NKJV,Mike Whittle 牧师
164,2020年4月15日,患难时的庇护所,https://www.youtube.com/watch?v=Mej9Iz_NjUg,诗篇 27,https://www.biblegateway.com/passage/?search=Psalm27&version=CUVS;NKJV,Mike Whittle 牧师
165,2020年4月12日,最后的仇敌,https://www.youtube.com/watch?v=Vqho4cdDTpI,哥林多前书 15:20-26,https://www.biblegateway.com/passage/?search=1Corinthians15:20-26&version=CUVS;NKJV,Mike Whittle 牧师
166,2020年4月10日,有一地名叫各各他,https://www.youtube.com/watch?v=gX14P3HNmjA,路加福音 23,https://www.biblegateway.com/passage/?search=Luke23&version=CUVS;NKJV,Mike Whittle 牧师
167,2020年4月5日,义的代替不义的,https://www.youtube.com/watch?v=3LKxwPNrKYc,彼得前书 3:18,https://www.biblegateway.com/passage/?search=1Peter3:18&version=CUVS;NKJV,Mike Whittle 牧师
168,2020年4月1日,救了世界的眼泪,https://www.youtube.com/watch?v=vWQm9Rvyko0,出埃及记 2:1-10,https://www.biblegateway.com/passage/?search=出埃及记2:1-10&version=CUVS;NKJV,Mike Whittle 牧师
169,2020年3月29日,两个奇妙的同伴,,诗篇 23:6,https://www.biblegateway.com/passage/?search=诗篇23:6&version=CUVS;NKJV,Mike Whittle 牧师
170,2020年3月25日,智慧人生,,传道书 7:20-26,https://www.biblegateway.com/passage/?search=Ecclesiastes7:20-26&version=CUVS;NKJV,Mike Whittle 牧师
171,2020年3月22日,真实的信心,https://www.youtube.com/watch?v=4-TSu3QAuwc,彼得前书 1,https://www.biblegateway.com/passage/?search=1Peter1&version=CUVS;NKJV,Mike Whittle 牧师
172,2020年3月15日,站立得稳,https://www.youtube.com/watch?v=G9lGDR6JuwQ,出埃及记 14:13,https://www.biblegateway.com/passage/?search=出埃及记14:13&version=CUVS;NKJV,Mike Whittle 牧师
173,2015年2月8日,忧愁变为了喜乐,https://www.youtube.com/watch?v=e7OErcX7tC8,约翰福音 16:17-33,https://www.biblegateway.com/passage/?search=john16:17-33&version=CUVS;NKJV,Mike Whittle 牧师
174,2015年2月1日,圣灵的工作,https://www.youtube.com/watch?v=Me-873tcAWU,约翰福音 16:5-16,https://www.biblegateway.com/passage/?search=john16:5-16&version=CUVS;NKJV,Mike Whittle 牧师
175,2015年1月25日,行善艰难,https://www.youtube.com/watch?v=ZZV2KW5Yb5M,罗马书 7:14-25,https://www.biblegateway.com/passage/?search=romans7:14-25&version=CUVS;NKJV,Mike Whittle 牧师
176,2015年1月18日,如何不跌倒,https://www.youtube.com/watch?v=9TJS6euqukg,"约翰福音 15:18, 16:1-4","https://www.biblegateway.com/passage/?search=john15:18,16:1-4&version=CUVS;NKJV",Mike Whittle 牧师
177,2015年1月11日,人生的目的,https://www.youtube.com/watch?v=cAiMwACF_2Q,传道书 12,https://www.biblegateway.com/passage/?search=Ecclesiastes12&version=CUVS;NKJV,Mike Whittle 牧师
178,2015年1月4日,如羊走迷,https://www.youtube.com/watch?v=-IzUXsEx5VY,以赛亚书 53:6,https://www.biblegateway.com/passage/?search=Isaiah53:6&version=CUVS;NKJV,Mike Whittle 牧师
179,2014年5月18日,丰盛的基督徒,https://www.youtube.com/watch?v=c7XH1HUXnYs,腓立比书 1:9-11,https://www.biblegateway.com/passage/?search=腓立比书1:9-11&version=CUVS;NKJV,Mike Whittle 牧师
180,2014年5月11日,有宝贝在瓦器里,https://www.youtube.com/watch?v=Vtb4QLcJj4w,哥林多后书 4:7-9,https://www.biblegateway.com/passage/?search=2Corinthians4:7-9&version=CUVS;NKJV,何勇传道
181,2014年4月27日,,,诗篇 27:5,https://www.biblegateway.com/passage/?search=诗篇27:5&version=CUVS;NKJV,Mike Whittle 牧师
182,2014年3月16日,从神生的必不犯罪,https://www.youtube.com/watch?v=wWOrcyPjs6s,约翰一书 5:18-19,https://www.biblegateway.com/passage/?search=1john5:18-19&version=CUVS;NKJV,Mike Whittle 牧师
183,2014年3月9日,,,箴言 4,https://www.biblegateway.com/passage/?search=Proverbs4&version=CUVS;NKJV,Mike Whittle 牧师
184,2014年2月23日,照神的旨意求,https://www.youtube.com/watch?v=nu8Sam1KcRQ,约翰一书 5:14-15,https://www.biblegateway.com/passage/?search=1john5:14-15&version=CUVS;NKJV,Mike Whittle 牧师
185,2014年2月16日,永生,https://www.youtube.com/watch?v=mpywjYZrV38,约翰一书 5:6-13,https://www.biblegateway.com/passage/?search=1john5:6-13&version=CUVS;NKJV,Mike Whittle 牧师
186,2014年2月9日,胜过世界,https://www.youtube.com/watch?v=MRAhbUEWOOk,约翰一书 5:1-5,https://www.biblegateway.com/passage/?search=1john5:1-5&version=CUVS;NKJV,Mike Whittle 牧师
187,2014年2月2日,马与圣经,https://www.youtube.com/watch?v=JLPCGxcdEn0,启示录 19:11-16,https://www.biblegateway.com/passage/?search=启示录19:11-16&version=CUVS;NKJV,Mike Whittle 牧师
188,2014年1月26日,神的爱和我们的爱,https://www.youtube.com/watch?v=9-W00x17dPg,约翰一书 4:7-21,https://www.biblegateway.com/passage/?search=1john4:7-21&version=CUVS;NKJV,Mike Whittle 牧师
189,2014年1月19日,试验诸灵,https://www.youtube.com/watch?v=STr5TFH1RXs,约翰一书 4:1-6,https://www.biblegateway.com/passage/?search=1john4:1-6&version=CUVS;NKJV,Mike Whittle 牧师
190,2014年1月12日,主的再来,https://www.youtube.com/watch?v=zCBEVPZ5Q-0,启示录 22:18-21,https://www.biblegateway.com/passage/?search=Revelation22:18-21&version=CUVS;NKJV,Mike Whittle 牧师
191,2014年1月5日,多伦多冰暴,https://www.youtube.com/watch?v=4gk7q6jJcHw,路加福音 13:1-9,https://www.biblegateway.com/passage/?search=路加福音13:1-9&version=CUVS;NKJV,Mike Whittle 牧师
192,2013年12月15日,以马内利,https://www.youtube.com/watch?v=NlwQIViDI0s,马太福音 1:18-25,https://www.biblegateway.com/passage/?search=Matthew1:18-25&version=CUVS;NKJV,杨鹤皋牧师
193,2013年12月1日,不要被引入歧途,https://www.youtube.com/watch?v=vXxlFp62b_E,约翰一书 3:7-10,https://www.biblegateway.com/passage/?search=1john3:7-10&version=CUVS;NKJV,Mike Whittle 牧师
194,2013年11月24日,保罗多结果子的生命,https://www.youtube.com/watch?v=R5ZWELPX-v8,提摩太后书 4:6-8,https://www.biblegateway.com/passage/?search=提摩太后书4:6-8&version=CUVS;NKJV,Mike Whittle 牧师
195,2013年11月17日,从雅各到以色列,https://www.youtube.com/watch?v=diZHjtnJ1rE,创世记 32:24-28,https://www.biblegateway.com/passage/?search=Genesis32:24-28&version=CUVS;NKJV,Daniel 王弟兄
196,2013年11月10日,基督为何显现,https://www.youtube.com/watch?v=p9LKRhqWaFU,约翰一书 3:4-6,https://www.biblegateway.com/passage/?search=1john3:4-6&version=CUVS;NKJV,Mike Whittle 牧师
197,2013年11月3日,何等慈爱,https://www.youtube.com/watch?v=8wBurwTaa_g,约翰一书 3:1-3,https://www.biblegateway.com/passage/?search=1john3:1-3&version=CUVS;NKJV,Mike Whittle 牧师
198,2013年10月27日,立志宣教的教会,https://www.youtube.com/watch?v=6xB17zPiYGU,使徒行传 8:26-40,https://www.biblegateway.com/passage/?search=使徒行传8:26-40&version=CUVS;NKJV,Mike Whittle 牧师
199,2013年10月20日,活在基督里,https://www.youtube.com/watch?v=dBMnpdtJdmU,约翰一书 2:20-29,https://www.biblegateway.com/passage/?search=1john2:20-29&version=CUVS;NKJV,Mike Whittle 牧师
200,2013年10月13日,神的荣耀本性,https://www.youtube.com/watch?v=LNj86xN4RKY,,,Mike Whittle 牧师
201,2013年10月6日,各样的敌基督,https://www.youtube.com/watch?v=wFlq6cmEvus,约翰一书 2:18-19,https://www.biblegateway.com/passage/?search=1john2:18-19&version=CUVS;NKJV,Mike Whittle 牧师
202,2013年9月29日,不要贪爱世界,https://www.youtube.com/watch?v=3daAQNjO5Po,约翰一书 2:15-17,https://www.biblegateway.com/passage/?search=1john2:15-17&version=CUVS;NKJV,Mike Whittle 牧师
203,2013年9月22日,基督徒的四个美妙经验,https://www.youtube.com/watch?v=_41w0g7zL7o,约翰一书 2:12-14,https://www.biblegateway.com/passage/?search=1john2:12-14&version=CUVS;NKJV,Mike Whittle 牧师
204,2013年9月8日,照主所行的去行,https://www.youtube.com/watch?v=HD2YD7k_fpc,约翰一书 2:3-11,https://www.biblegateway.com/passage/?search=1john2:3-11&version=CUVS;NKJV,Mike Whittle 牧师
205,2013年9月1日,我们的中保,https://www.youtube.com/watch?v=y-smpEFbGZ8,约翰一书 2:1-2,https://www.biblegateway.com/passage/?search=1john2:1-2&version=CUVS;NKJV,Mike Whittle 牧师
206,2013年8月25日,福音教会,https://www.youtube.com/watch?v=2ireGZohvn4,罗马书 1:16-17,https://www.biblegateway.com/passage/?search=罗马书1:16-17&version=CUVS;NKJV,Mike Whittle 牧师
207,2013年8月18日,自欺,https://www.youtube.com/watch?v=vXMSzCIvvys,约翰一书 1:8-10,https://www.biblegateway.com/passage/?search=1john1:8-10&version=CUVS;NKJV,Mike Whittle 牧师
208,2013年8月11日,行在光里,https://www.youtube.com/watch?v=JjZsbl3bHOc,约翰一书 1:5-7,https://www.biblegateway.com/passage/?search=1john1:5-7&version=CUVS;NKJV,Mike Whittle 牧师
209,2013年8月4日,使你们的喜乐充足,https://www.youtube.com/watch?v=ByVzbZcN_qk,约翰一书 1:1-4,https://www.biblegateway.com/passage/?search=1john1:1-4&version=CUVS;NKJV,Mike Whittle 牧师
210,2013年7月28日,应对代沟,https://www.youtube.com/watch?v=mJVeyxDqcBI,雅各书 1:19-20,https://www.biblegateway.com/passage/?search=雅各书1:19-20&version=CUVS;NKJV,刘师母
211,2013年7月28日,布道会,https://www.youtube.com/watch?v=_Mtw4OyNbpo,路加福音 12:16-20,https://www.biblegateway.com/passage/?search=luke12:16-20&version=CUVS;NKJV,刘志雄长老
212,2013年7月27日,神圣家庭（3/4）,https://www.youtube.com/watch?v=fyu7_cp7-N8,,,刘师母
213,2013年7月27日,神圣家庭（4/4）,https://www.youtube.com/watch?v=kYmnHpPoZI8,,,刘志雄长老
214,2013年7月27日,神圣家庭（2/4）,https://www.youtube.com/watch?v=qxI0Unan3LQ,,,刘志雄长老
215,2013年7月26日,神圣家庭（1/4）,https://www.youtube.com/watch?v=5g-k1F5hnU0,帖撒罗尼迦前书 4:3,https://www.biblegateway.com/passage/?search=帖撒罗尼迦前书4:3&version=CUVS;NKJV,刘志雄长老
216,2013年6月23日,最美好的事,https://www.youtube.com/watch?v=PktccqFpE5c,诗篇 119:11,https://www.biblegateway.com/passage/?search=诗篇119:11&version=CUVS;NKJV,Mike Whittle 牧师
217,2013年5月19日,人子,https://www.youtube.com/watch?v=1uLjjwWLfPo,但以理书 7:13-14,https://www.biblegateway.com/passage/?search=但以理书7:13-14&version=CUVS;NKJV,Mike Whittle 牧师
218,2013年5月12日,好母亲的品性,https://www.youtube.com/watch?v=ZabnoQl0R7U,列王纪上 3:16-27,https://www.biblegateway.com/passage/?search=1King3:16-27&version=CUVS;NKJV,Mike Whittle 牧师
219,2013年3月31日,基督复活的证据,https://www.youtube.com/watch?v=qomuK33o78E,,,Mike Whittle 牧师
220,2013年3月24日,荆棘之冠,https://www.youtube.com/watch?v=XOt4zhsK1cw,马太福音 27,https://www.biblegateway.com/passage/?search=Matthew27&version=CUVS;NKJV,Mike Whittle 牧师
221,2013年3月17日,三位一体,https://www.youtube.com/watch?v=H1jgLsvEtnI,马太福音 28,https://www.biblegateway.com/passage/?search=Matthew28&version=CUVS;NKJV,Mike Whittle 牧师
222,2013年3月10日,骄者必败,https://www.youtube.com/watch?v=rlt9yQPFY7o,但以理书 4,https://www.biblegateway.com/passage/?search=但以理书4&version=CUVS;NKJV,Mike Whittle 牧师
223,2013年3月3日,耶稣仅是一个好人吗,https://www.youtube.com/watch?v=q_Uo8hgJczc,约翰福音 1,https://www.biblegateway.com/passage/?search=john1&version=CUVS;NKJV,Mike Whittle 牧师
224,2013年2月17日,帝国兴衰,https://www.youtube.com/watch?v=Ju4uXcq21wQ,但以理书 2:31-47,https://www.biblegateway.com/passage/?search=但以理书2:31-47&version=CUVS;NKJV,Mike Whittle 牧师
225,2013年2月3日,天国之路有几条,https://www.youtube.com/watch?v=Y7RmJIfRWIQ,约翰福音 14:6,https://www.biblegateway.com/passage/?search=john14:6&version=CUVS;NKJV,Mike Whittle 牧师
226,2013年1月27日,分辨先知的真假,https://www.youtube.com/watch?v=LR5bsARxRcI,但以理书 2:1-30,https://www.biblegateway.com/passage/?search=但以理书2:1-30&version=CUVS;NKJV,Mike Whittle 牧师
227,2013年1月20日,神是怎样的,https://www.youtube.com/watch?v=qIeABTtJcM8,,,Mike Whittle 牧师
228,2012年7月22日,,,,,Mike Whittle 牧师
